DANH SÁCH TRẠM QUAN TRẮC THEO TỈNH THÀNH,Unnamed: 1,Unnamed: 2,Unnamed: 3,Unnamed: 4,Unnamed: 5,Unnamed: 6,Unnamed: 7,Unnamed: 8
3.0,Bà Rịa - Vũng Tàu,-109,Huyện A,16.4637,106.3308,257.0,Khí tượng thủy văn,vrain.vn (tổng hợp)
3.0,Tỉnh/TP,Tên Trạm,Huyện/Quận,16.4637,106.3308,257.0,Loại trạm,Nguồn dữ liệu
1.0,An Giang,Trạm Bắc An Giang,Thị xã,10.3865,105.4351,275.0,Khí tượng thủy văn,vrain.vn (tổng hợp)
2.0,An Giang,Trạm khí tượng Bắc An Giang 4,Huyện B,10.3865,105.4351,44.0,Khí tượng thủy văn,vrain.vn (tổng hợp)
3.0,An Giang,Trạm quan trắc Tây An Giang 2,Huyện A,10.3865,105.4351,253.0,Khí tượng thủy văn,vrain.vn (tổng hợp)
4.0,An Giang,Đài Bắc An Giang 3,Huyện A,10.3865,105.4351,337.0,Khí tượng thủy văn,vrain.vn (tổng hợp)
3.0,Tổng số trạm An Giang:,-1,Huyện A,16.4637,106.3308,257.0,Khí tượng thủy văn,vrain.vn (tổng hợp)
1.0,Bà Rịa - Vũng Tàu,Trạm Ven biển Bà Rịa - Vũng Tàu 6,Huyện B,10.346,107.0843,244.0,Khí tượng thủy văn,vrain.vn (tổng hợp)
2.0,Bà Rịa - Vũng Tàu,Trạm khí tượng Trung tâm Bà Rịa - Vũng Tàu 5,Thị xã,10.346,107.0843,409.0,Khí tượng thủy văn,vrain.vn (tổng hợp)
3.0,Bà Rịa - Vũng Tàu,Trạm khí tượng Trung tâm TP Bà Rịa - Vũng Tàu 7,Huyện A,10.346,107.0843,117.0,Khí tượng thủy văn,vrain.vn (tổng hợp)
4.0,Bà Rịa - Vũng Tàu,Trạm khí tượng Ven biển Bà Rịa - Vũng Tàu 8,Huyện B,10.346,107.0843,78.0,Khí tượng thủy văn,vrain.vn (tổng hợp)
5.0,Bà Rịa - Vũng Tàu,Trạm quan trắc Tây Bà Rịa - Vũng Tàu 3,Huyện B,10.346,107.0843,376.0,Khí tượng thủy văn,vrain.vn (tổng hợp)
6.0,Bà Rịa - Vũng Tàu,Trạm đo Ven biển Bà Rịa - Vũng Tàu,Quận 1,10.346,107.0843,193.0,Khí tượng thủy văn,vrain.vn (tổng hợp)
7.0,Bà Rịa - Vũng Tàu,Trạm đo Vùng núi Bà Rịa - Vũng Tàu 4,Quận 2,10.346,107.0843,61.0,Khí tượng thủy văn,vrain.vn (tổng hợp)
8.0,Bà Rịa - Vũng Tàu,Đài Ven biển Bà Rịa - Vũng Tàu 2,Huyện A,10.346,107.0843,17.0,Khí tượng thủy văn,vrain.vn (tổng hợp)
3.0,Tổng số trạm Bà Rịa - Vũng Tàu:,0,Huyện A,16.4637,106.3308,257.0,Khí tượng thủy văn,vrain.vn (tổng hợp)
1.0,Bình Dương,Trạm Ven biển Bình Dương 2,Quận 1,10.9804,106.6519,222.0,Khí tượng thủy văn,vrain.vn (tổng hợp)
2.0,Bình Dương,Trạm khí tượng Bắc Bình Dương 3,Quận 1,10.9804,106.6519,103.0,Khí tượng thủy văn,vrain.vn (tổng hợp)
3.0,Bình Dương,Trạm quan trắc Tây Bình Dương 5,Huyện A,10.9804,106.6519,234.0,Khí tượng thủy văn,vrain.vn (tổng hợp)
4.0,Bình Dương,Đài Trung tâm Bình Dương,Quận 3,10.9804,106.6519,235.0,Khí tượng thủy văn,vrain.vn (tổng hợp)
5.0,Bình Dương,Đài Đông Bình Dương 4,Thị xã,10.9804,106.6519,167.0,Khí tượng thủy văn,vrain.vn (tổng hợp)
3.0,Tổng số trạm Bình Dương:,-6,Huyện A,16.4637,106.3308,257.0,Khí tượng thủy văn,vrain.vn (tổng hợp)
1.0,Bình Phước,Trạm Ngoại thành Bình Phước 6,Quận 1,11.5349,106.8823,146.0,Khí tượng thủy văn,vrain.vn (tổng hợp)
2.0,Bình Phước,Trạm quan trắc Ngoại thành Bình Phước 3,Huyện A,11.5349,106.8823,146.0,Khí tượng thủy văn,vrain.vn (tổng hợp)
3.0,Bình Phước,Trạm quan trắc Trung tâm TP Bình Phước 7,Huyện A,11.5349,106.8823,152.0,Khí tượng thủy văn,vrain.vn (tổng hợp)
4.0,Bình Phước,Trạm quan trắc Đông Bình Phước,Huyện A,11.5349,106.8823,419.0,Khí tượng thủy văn,vrain.vn (tổng hợp)
5.0,Bình Phước,Trạm Đông Bình Phước 5,Huyện A,11.5349,106.8823,129.0,Khí tượng thủy văn,vrain.vn (tổng hợp)
6.0,Bình Phước,Đài Nam Bình Phước 2,Huyện A,11.5349,106.8823,61.0,Khí tượng thủy văn,vrain.vn (tổng hợp)
7.0,Bình Phước,Đài Vùng núi Bình Phước 4,Quận 2,11.5349,106.8823,328.0,Khí tượng thủy văn,vrain.vn (tổng hợp)
3.0,Tổng số trạm Bình Phước:,-7,Huyện A,16.4637,106.3308,257.0,Khí tượng thủy văn,vrain.vn (tổng hợp)
1.0,Bình Thuận,Trạm quan trắc Nam Bình Thuận 3,Huyện A,10.9333,108.1,355.0,Khí tượng thủy văn,vrain.vn (tổng hợp)
2.0,Bình Thuận,Trạm quan trắc Ven biển Bình Thuận,Thị xã,10.9333,108.1,385.0,Khí tượng thủy văn,vrain.vn (tổng hợp)
3.0,Bình Thuận,Trạm đo Đông Bình Thuận 2,Huyện B,10.9333,108.1,44.0,Khí tượng thủy văn,vrain.vn (tổng hợp)
3.0,Tổng số trạm Bình Thuận:,-14,Huyện A,16.4637,106.3308,257.0,Khí tượng thủy văn,vrain.vn (tổng hợp)
1.0,Bình Định,Trạm Bắc Bình Định 3,Quận 2,13.7667,109.2333,32.0,Khí tượng thủy văn,vrain.vn (tổng hợp)
2.0,Bình Định,Trạm Ven biển Bình Định 4,Huyện A,13.7667,109.2333,285.0,Khí tượng thủy văn,vrain.vn (tổng hợp)
3.0,Bình Định,Trạm khí tượng Vùng núi Bình Định 5,Huyện A,13.7667,109.2333,389.0,Khí tượng thủy văn,vrain.vn (tổng hợp)
4.0,Bình Định,Trạm quan trắc Ngoại thành Bình Định 2,Huyện A,13.7667,109.2333,115.0,Khí tượng thủy văn,vrain.vn (tổng hợp)
5.0,Bình Định,Trạm Đông Bình Định,Huyện A,13.7667,109.2333,368.0,Khí tượng thủy văn,vrain.vn (tổng hợp)
3.0,Tổng số trạm Bình Định:,-15,Huyện A,16.4637,106.3308,257.0,Khí tượng thủy văn,vrain.vn (tổng hợp)
1.0,Bạc Liêu,Trạm Tây Bạc Liêu 2,Thành phố,9.2833,105.7167,328.0,Khí tượng thủy văn,vrain.vn (tổng hợp)
2.0,Bạc Liêu,Trạm khí tượng Trung tâm Bạc Liêu 3,Huyện A,9.2833,105.7167,68.0,Khí tượng thủy văn,vrain.vn (tổng hợp)
3.0,Bạc Liêu,Trạm khí tượng Tây Bạc Liêu,Huyện A,9.2833,105.7167,245.0,Khí tượng thủy văn,vrain.vn (tổng hợp)
3.0,Tổng số trạm Bạc Liêu:,-20,Huyện A,16.4637,106.3308,257.0,Khí tượng thủy văn,vrain.vn (tổng hợp)
1.0,Bắc Giang,Trạm khí tượng Nam Bắc Giang 7,Huyện B,21.2814,106.1975,499.0,Khí tượng thủy văn,vrain.vn (tổng hợp)
2.0,Bắc Giang,Trạm khí tượng Trung tâm Bắc Giang 8,Quận 2,21.2814,106.1975,8.0,Khí tượng thủy văn,vrain.vn (tổng hợp)
3.0,Bắc Giang,Trạm khí tượng Ven biển Bắc Giang 5,Thị xã,21.2814,106.1975,347.0,Khí tượng thủy văn,vrain.vn (tổng hợp)
4.0,Bắc Giang,Trạm khí tượng Vùng núi Bắc Giang 3,Quận 2,21.2814,106.1975,426.0,Khí tượng thủy văn,vrain.vn (tổng hợp)
5.0,Bắc Giang,Trạm khí tượng Đông Bắc Giang 4,Thành phố,21.2814,106.1975,469.0,Khí tượng thủy văn,vrain.vn (tổng hợp)
6.0,Bắc Giang,Trạm quan trắc Ngoại thành Bắc Giang 6,Huyện A,21.2814,106.1975,358.0,Khí tượng thủy văn,vrain.vn (tổng hợp)
7.0,Bắc Giang,Trạm đo Ngoại thành Bắc Giang,Quận 2,21.2814,106.1975,303.0,Khí tượng thủy văn,vrain.vn (tổng hợp)
8.0,Bắc Giang,Trạm đo Tây Bắc Giang 2,Huyện A,21.2814,106.1975,448.0,Khí tượng thủy văn,vrain.vn (tổng hợp)
3.0,Tổng số trạm Bắc Giang:,-18,Huyện A,16.4637,106.3308,257.0,Khí tượng thủy văn,vrain.vn (tổng hợp)
1.0,Bắc Kạn,Trạm khí tượng Nam Bắc Kạn 6,Thành phố,22.15,105.8333,495.0,Khí tượng thủy văn,vrain.vn (tổng hợp)
2.0,Bắc Kạn,Trạm khí tượng Trung tâm TP Bắc Kạn 5,Thành phố,22.15,105.8333,94.0,Khí tượng thủy văn,vrain.vn (tổng hợp)
3.0,Bắc Kạn,Trạm quan trắc Đông Bắc Kạn,Quận 3,22.15,105.8333,154.0,Khí tượng thủy văn,vrain.vn (tổng hợp)
4.0,Bắc Kạn,Đài Ngoại thành Bắc Kạn 3,Quận 2,22.15,105.8333,488.0,Khí tượng thủy văn,vrain.vn (tổng hợp)
5.0,Bắc Kạn,Đài Ven biển Bắc Kạn 2,Quận 2,22.15,105.8333,205.0,Khí tượng thủy văn,vrain.vn (tổng hợp)
6.0,Bắc Kạn,Đài Ven biển Bắc Kạn 4,Thị xã,22.15,105.8333,487.0,Khí tượng thủy văn,vrain.vn (tổng hợp)
3.0,Tổng số trạm Bắc Kạn:,-23,Huyện A,16.4637,106.3308,257.0,Khí tượng thủy văn,vrain.vn (tổng hợp)
1.0,Bắc Ninh,Trạm Tây Bắc Ninh 3,Huyện A,21.1214,106.1111,470.0,Khí tượng thủy văn,vrain.vn (tổng hợp)
2.0,Bắc Ninh,Trạm khí tượng Tây Bắc Ninh 2,Huyện A,21.1214,106.1111,387.0,Khí tượng thủy văn,vrain.vn (tổng hợp)
3.0,Bắc Ninh,Trạm khí tượng Vùng núi Bắc Ninh 5,Thành phố,21.1214,106.1111,81.0,Khí tượng thủy văn,vrain.vn (tổng hợp)
4.0,Bắc Ninh,Trạm quan trắc Ven biển Bắc Ninh 6,Huyện A,21.1214,106.1111,127.0,Khí tượng thủy văn,vrain.vn (tổng hợp)
5.0,Bắc Ninh,Trạm quan trắc Đông Bắc Ninh 4,Thành phố,21.1214,106.1111,298.0,Khí tượng thủy văn,vrain.vn (tổng hợp)
6.0,Bắc Ninh,Trạm đo Đông Bắc Ninh 8,Huyện A,21.1214,106.1111,6.0,Khí tượng thủy văn,vrain.vn (tổng hợp)
7.0,Bắc Ninh,Đài Bắc Bắc Ninh,Huyện A,21.1214,106.1111,464.0,Khí tượng thủy văn,vrain.vn (tổng hợp)
8.0,Bắc Ninh,Đài Nam Bắc Ninh 7,Quận 3,21.1214,106.1111,343.0,Khí tượng thủy văn,vrain.vn (tổng hợp)
3.0,Tổng số trạm Bắc Ninh:,-24,Huyện A,16.4637,106.3308,257.0,Khí tượng thủy văn,vrain.vn (tổng hợp)
1.0,Bến Tre,Trạm Nam Bến Tre 5,Thị xã,10.2333,106.3833,310.0,Khí tượng thủy văn,vrain.vn (tổng hợp)
2.0,Bến Tre,Trạm khí tượng Tây Bến Tre 2,Huyện B,10.2333,106.3833,186.0,Khí tượng thủy văn,vrain.vn (tổng hợp)
3.0,Bến Tre,Trạm quan trắc Trung tâm Bến Tre,Thị xã,10.2333,106.3833,139.0,Khí tượng thủy văn,vrain.vn (tổng hợp)
4.0,Bến Tre,Trạm quan trắc Ven biển Bến Tre 6,Huyện A,10.2333,106.3833,173.0,Khí tượng thủy văn,vrain.vn (tổng hợp)
5.0,Bến Tre,Trạm đo Ven biển Bến Tre 7,Quận 3,10.2333,106.3833,410.0,Khí tượng thủy văn,vrain.vn (tổng hợp)
6.0,Bến Tre,Đài Nam Bến Tre 4,Huyện A,10.2333,106.3833,95.0,Khí tượng thủy văn,vrain.vn (tổng hợp)
7.0,Bến Tre,Đài Ngoại thành Bến Tre 8,Quận 1,10.2333,106.3833,449.0,Khí tượng thủy văn,vrain.vn (tổng hợp)
8.0,Bến Tre,Đài Trung tâm Bến Tre 3,Huyện A,10.2333,106.3833,475.0,Khí tượng thủy văn,vrain.vn (tổng hợp)
3.0,Tổng số trạm Bến Tre:,-27,Huyện A,16.4637,106.3308,257.0,Khí tượng thủy văn,vrain.vn (tổng hợp)
1.0,Cao Bằng,Trạm Ngoại thành Cao Bằng 7,Huyện B,22.6667,106.25,129.0,Khí tượng thủy văn,vrain.vn (tổng hợp)
2.0,Cao Bằng,Trạm Trung tâm TP Cao Bằng 4,Quận 2,22.6667,106.25,377.0,Khí tượng thủy văn,vrain.vn (tổng hợp)
3.0,Cao Bằng,Trạm khí tượng Vùng núi Cao Bằng 3,Huyện B,22.6667,106.25,366.0,Khí tượng thủy văn,vrain.vn (tổng hợp)
4.0,Cao Bằng,Trạm đo Ngoại thành Cao Bằng 5,Thị xã,22.6667,106.25,451.0,Khí tượng thủy văn,vrain.vn (tổng hợp)
5.0,Cao Bằng,Đài Nam Cao Bằng,Huyện A,22.6667,106.25,244.0,Khí tượng thủy văn,vrain.vn (tổng hợp)
6.0,Cao Bằng,Đài Nam Cao Bằng 2,Huyện A,22.6667,106.25,186.0,Khí tượng thủy văn,vrain.vn (tổng hợp)
7.0,Cao Bằng,Đài Trung tâm Cao Bằng 6,Quận 3,22.6667,106.25,270.0,Khí tượng thủy văn,vrain.vn (tổng hợp)
3.0,Tổng số trạm Cao Bằng:,-31,Huyện A,16.4637,106.3308,257.0,Khí tượng thủy văn,vrain.vn (tổng hợp)
1.0,Cà Mau,Trạm Ven biển Cà Mau,Huyện A,9.1769,105.1521,448.0,Khí tượng thủy văn,vrain.vn (tổng hợp)
2.0,Cà Mau,Trạm quan trắc Trung tâm TP Cà Mau 3,Thị xã,9.1769,105.1521,26.0,Khí tượng thủy văn,vrain.vn (tổng hợp)
3.0,Cà Mau,Trạm quan trắc Vùng núi Cà Mau 2,Quận 1,9.1769,105.1521,442.0,Khí tượng thủy văn,vrain.vn (tổng hợp)
4.0,Cà Mau,Đài Nam Cà Mau 4,Huyện B,9.1769,105.1521,446.0,Khí tượng thủy văn,vrain.vn (tổng hợp)
3.0,Tổng số trạm Cà Mau:,-37,Huyện A,16.4637,106.3308,257.0,Khí tượng thủy văn,vrain.vn (tổng hợp)
1.0,Cần Thơ,Trạm khí tượng Ngoại thành Cần Thơ 3,Thị xã,10.0452,105.7469,120.0,Khí tượng thủy văn,vrain.vn (tổng hợp)
2.0,Cần Thơ,Trạm khí tượng Ngoại thành Cần Thơ 5,Huyện B,10.0452,105.7469,438.0,Khí tượng thủy văn,vrain.vn (tổng hợp)
3.0,Cần Thơ,Trạm khí tượng Ven biển Cần Thơ 4,Huyện A,10.0452,105.7469,101.0,Khí tượng thủy văn,vrain.vn (tổng hợp)
4.0,Cần Thơ,Trạm quan trắc Ngoại thành Cần Thơ 2,Quận 3,10.0452,105.7469,318.0,Khí tượng thủy văn,vrain.vn (tổng hợp)
5.0,Cần Thơ,Trạm đo Trung tâm TP Cần Thơ,Huyện B,10.0452,105.7469,71.0,Khí tượng thủy văn,vrain.vn (tổng hợp)
3.0,Tổng số trạm Cần Thơ:,-39,Huyện A,16.4637,106.3308,257.0,Khí tượng thủy văn,vrain.vn (tổng hợp)
1.0,Gia Lai,Trạm Tây Gia Lai 6,Thị xã,13.9833,108.0,471.0,Khí tượng thủy văn,vrain.vn (tổng hợp)
2.0,Gia Lai,Trạm Ven biển Gia Lai 3,Thị xã,13.9833,108.0,339.0,Khí tượng thủy văn,vrain.vn (tổng hợp)
3.0,Gia Lai,Trạm quan trắc Ngoại thành Gia Lai 4,Huyện A,13.9833,108.0,102.0,Khí tượng thủy văn,vrain.vn (tổng hợp)
4.0,Gia Lai,Trạm đo Bắc Gia Lai 5,Huyện A,13.9833,108.0,359.0,Khí tượng thủy văn,vrain.vn (tổng hợp)
5.0,Gia Lai,Trạm đo Đông Gia Lai,Huyện B,13.9833,108.0,246.0,Khí tượng thủy văn,vrain.vn (tổng hợp)
6.0,Gia Lai,Đài Đông Gia Lai 2,Huyện A,13.9833,108.0,284.0,Khí tượng thủy văn,vrain.vn (tổng hợp)
3.0,Tổng số trạm Gia Lai:,-41,Huyện A,16.4637,106.3308,257.0,Khí tượng thủy văn,vrain.vn (tổng hợp)
1.0,Hà Giang,Trạm Ven biển Hà Giang,Thị xã,22.8233,104.9836,185.0,Khí tượng thủy văn,vrain.vn (tổng hợp)
2.0,Hà Giang,Trạm khí tượng Vùng núi Hà Giang 6,Huyện A,22.8233,104.9836,109.0,Khí tượng thủy văn,vrain.vn (tổng hợp)
3.0,Hà Giang,Trạm quan trắc Bắc Hà Giang 3,Quận 1,22.8233,104.9836,266.0,Khí tượng thủy văn,vrain.vn (tổng hợp)
4.0,Hà Giang,Trạm đo Nam Hà Giang 7,Huyện A,22.8233,104.9836,415.0,Khí tượng thủy văn,vrain.vn (tổng hợp)
5.0,Hà Giang,Trạm đo Ngoại thành Hà Giang 4,Huyện B,22.8233,104.9836,317.0,Khí tượng thủy văn,vrain.vn (tổng hợp)
6.0,Hà Giang,Trạm đo Vùng núi Hà Giang 5,Quận 2,22.8233,104.9836,118.0,Khí tượng thủy văn,vrain.vn (tổng hợp)
7.0,Hà Giang,Đài Bắc Hà Giang 2,Quận 1,22.8233,104.9836,226.0,Khí tượng thủy văn,vrain.vn (tổng hợp)
3.0,Tổng số trạm Hà Giang:,-43,Huyện A,16.4637,106.3308,257.0,Khí tượng thủy văn,vrain.vn (tổng hợp)
1.0,Hà Nam,Trạm khí tượng Bắc Hà Nam 5,Quận 2,20.5411,105.9139,495.0,Khí tượng thủy văn,vrain.vn (tổng hợp)
2.0,Hà Nam,Trạm Đông Hà Nam 3,Huyện A,20.5411,105.9139,322.0,Khí tượng thủy văn,vrain.vn (tổng hợp)
3.0,Hà Nam,Trạm đo Ven biển Hà Nam 2,Thị xã,20.5411,105.9139,110.0,Khí tượng thủy văn,vrain.vn (tổng hợp)
4.0,Hà Nam,Trạm đo Ven biển Hà Nam 4,Huyện A,20.5411,105.9139,411.0,Khí tượng thủy văn,vrain.vn (tổng hợp)
5.0,Hà Nam,Đài Trung tâm Hà Nam,Huyện A,20.5411,105.9139,275.0,Khí tượng thủy văn,vrain.vn (tổng hợp)
3.0,Tổng số trạm Hà Nam:,-48,Huyện A,16.4637,106.3308,257.0,Khí tượng thủy văn,vrain.vn (tổng hợp)
1.0,Hà Nội,Trạm Tây Hà Nội 5,Huyện A,21.0285,105.8542,131.0,Khí tượng thủy văn,vrain.vn (tổng hợp)
2.0,Hà Nội,Trạm khí tượng Tây Hà Nội 3,Huyện B,21.0285,105.8542,154.0,Khí tượng thủy văn,vrain.vn (tổng hợp)
3.0,Hà Nội,Trạm quan trắc Bắc Hà Nội 4,Quận 1,21.0285,105.8542,48.0,Khí tượng thủy văn,vrain.vn (tổng hợp)
4.0,Hà Nội,Trạm quan trắc Trung tâm TP Hà Nội 6,Huyện A,21.0285,105.8542,464.0,Khí tượng thủy văn,vrain.vn (tổng hợp)
5.0,Hà Nội,Trạm quan trắc Vùng núi Hà Nội 7,Thành phố,21.0285,105.8542,277.0,Khí tượng thủy văn,vrain.vn (tổng hợp)
6.0,Hà Nội,Đài Ngoại thành Hà Nội 2,Huyện B,21.0285,105.8542,185.0,Khí tượng thủy văn,vrain.vn (tổng hợp)
7.0,Hà Nội,Đài Trung tâm Hà Nội,Quận 1,21.0285,105.8542,88.0,Khí tượng thủy văn,vrain.vn (tổng hợp)
3.0,Tổng số trạm Hà Nội:,-49,Huyện A,16.4637,106.3308,257.0,Khí tượng thủy văn,vrain.vn (tổng hợp)
1.0,Hà Tĩnh,Trạm Tây Hà Tĩnh 4,Quận 2,18.3333,105.9,155.0,Khí tượng thủy văn,vrain.vn (tổng hợp)
2.0,Hà Tĩnh,Trạm khí tượng Bắc Hà Tĩnh 3,Huyện A,18.3333,105.9,291.0,Khí tượng thủy văn,vrain.vn (tổng hợp)
3.0,Hà Tĩnh,Đài Nam Hà Tĩnh 2,Quận 2,18.3333,105.9,65.0,Khí tượng thủy văn,vrain.vn (tổng hợp)
4.0,Hà Tĩnh,Đài Tây Hà Tĩnh,Quận 3,18.3333,105.9,50.0,Khí tượng thủy văn,vrain.vn (tổng hợp)
3.0,Tổng số trạm Hà Tĩnh:,-55,Huyện A,16.4637,106.3308,257.0,Khí tượng thủy văn,vrain.vn (tổng hợp)
1.0,Hòa Bình,Trạm Tây Hòa Bình 3,Huyện B,20.8133,105.3383,83.0,Khí tượng thủy văn,vrain.vn (tổng hợp)
2.0,Hòa Bình,Trạm Vùng núi Hòa Bình 2,Quận 3,20.8133,105.3383,177.0,Khí tượng thủy văn,vrain.vn (tổng hợp)
3.0,Hòa Bình,Trạm quan trắc Tây Hòa Bình,Quận 2,20.8133,105.3383,447.0,Khí tượng thủy văn,vrain.vn (tổng hợp)
3.0,Tổng số trạm Hòa Bình:,-59,Huyện A,16.4637,106.3308,257.0,Khí tượng thủy văn,vrain.vn (tổng hợp)
1.0,Hưng Yên,Trạm khí tượng Nam Hưng Yên 2,Huyện B,20.6461,106.0511,160.0,Khí tượng thủy văn,vrain.vn (tổng hợp)
2.0,Hưng Yên,Trạm khí tượng Vùng núi Hưng Yên 3,Quận 3,20.6461,106.0511,17.0,Khí tượng thủy văn,vrain.vn (tổng hợp)
3.0,Hưng Yên,Đài Ven biển Hưng Yên,Quận 3,20.6461,106.0511,417.0,Khí tượng thủy văn,vrain.vn (tổng hợp)
3.0,Tổng số trạm Hưng Yên:,-62,Huyện A,16.4637,106.3308,257.0,Khí tượng thủy văn,vrain.vn (tổng hợp)
1.0,Hải Dương,Trạm Nam Hải Dương 6,Huyện A,20.9397,106.3308,357.0,Khí tượng thủy văn,vrain.vn (tổng hợp)
2.0,Hải Dương,Trạm Vùng núi Hải Dương 7,Thị xã,20.9397,106.3308,53.0,Khí tượng thủy văn,vrain.vn (tổng hợp)
3.0,Hải Dương,Trạm khí tượng Trung tâm Hải Dương 2,Huyện B,20.9397,106.3308,3.0,Khí tượng thủy văn,vrain.vn (tổng hợp)
4.0,Hải Dương,Trạm quan trắc Trung tâm TP Hải Dương 3,Huyện A,20.9397,106.3308,406.0,Khí tượng thủy văn,vrain.vn (tổng hợp)
5.0,Hải Dương,Trạm quan trắc Ven biển Hải Dương,Huyện A,20.9397,106.3308,492.0,Khí tượng thủy văn,vrain.vn (tổng hợp)
6.0,Hải Dương,Trạm đo Trung tâm TP Hải Dương 4,Quận 3,20.9397,106.3308,358.0,Khí tượng thủy văn,vrain.vn (tổng hợp)
7.0,Hải Dương,Trạm đo Trung tâm TP Hải Dương 5,Quận 3,20.9397,106.3308,405.0,Khí tượng thủy văn,vrain.vn (tổng hợp)
8.0,Hải Dương,Đài Trung tâm Hải Dương 8,Huyện A,20.9397,106.3308,461.0,Khí tượng thủy văn,vrain.vn (tổng hợp)
3.0,Tổng số trạm Hải Dương:,-60,Huyện A,16.4637,106.3308,257.0,Khí tượng thủy văn,vrain.vn (tổng hợp)
1.0,Hải Phòng,Trạm đo Ven biển Hải Phòng 3,Huyện A,20.8449,106.6881,192.0,Khí tượng thủy văn,vrain.vn (tổng hợp)
2.0,Hải Phòng,Đài Bắc Hải Phòng 5,Quận 2,20.8449,106.6881,242.0,Khí tượng thủy văn,vrain.vn (tổng hợp)
3.0,Hải Phòng,Đài Ngoại thành Hải Phòng,Thành phố,20.8449,106.6881,483.0,Khí tượng thủy văn,vrain.vn (tổng hợp)
4.0,Hải Phòng,Đài Trung tâm TP Hải Phòng 6,Huyện A,20.8449,106.6881,211.0,Khí tượng thủy văn,vrain.vn (tổng hợp)
5.0,Hải Phòng,Đài Vùng núi Hải Phòng 4,Quận 2,20.8449,106.6881,123.0,Khí tượng thủy văn,vrain.vn (tổng hợp)
6.0,Hải Phòng,Đài Đông Hải Phòng 2,Quận 3,20.8449,106.6881,131.0,Khí tượng thủy văn,vrain.vn (tổng hợp)
3.0,Tổng số trạm Hải Phòng:,-65,Huyện A,16.4637,106.3308,257.0,Khí tượng thủy văn,vrain.vn (tổng hợp)
1.0,Hậu Giang,Trạm khí tượng Nam Hậu Giang 2,Huyện A,9.7833,105.4667,114.0,Khí tượng thủy văn,vrain.vn (tổng hợp)
2.0,Hậu Giang,Trạm khí tượng Ven biển Hậu Giang,Huyện A,9.7833,105.4667,66.0,Khí tượng thủy văn,vrain.vn (tổng hợp)
3.0,Hậu Giang,Trạm đo Ngoại thành Hậu Giang 6,Huyện A,9.7833,105.4667,217.0,Khí tượng thủy văn,vrain.vn (tổng hợp)
4.0,Hậu Giang,Trạm đo Trung tâm Hậu Giang 4,Huyện A,9.7833,105.4667,89.0,Khí tượng thủy văn,vrain.vn (tổng hợp)
5.0,Hậu Giang,Trạm đo Trung tâm TP Hậu Giang 5,Huyện A,9.7833,105.4667,395.0,Khí tượng thủy văn,vrain.vn (tổng hợp)
6.0,Hậu Giang,Đài Trung tâm TP Hậu Giang 3,Quận 1,9.7833,105.4667,397.0,Khí tượng thủy văn,vrain.vn (tổng hợp)
7.0,Hậu Giang,Đài Ven biển Hậu Giang 7,Quận 1,9.7833,105.4667,376.0,Khí tượng thủy văn,vrain.vn (tổng hợp)
3.0,Tổng số trạm Hậu Giang:,-67,Huyện A,16.4637,106.3308,257.0,Khí tượng thủy văn,vrain.vn (tổng hợp)
1.0,Khánh Hòa,Trạm Ven biển Khánh Hòa,Huyện A,12.25,109.1833,333.0,Khí tượng thủy văn,vrain.vn (tổng hợp)
2.0,Khánh Hòa,Trạm Vùng núi Khánh Hòa 2,Huyện B,12.25,109.1833,282.0,Khí tượng thủy văn,vrain.vn (tổng hợp)
3.0,Khánh Hòa,Trạm quan trắc Nam Khánh Hòa 5,Huyện A,12.25,109.1833,208.0,Khí tượng thủy văn,vrain.vn (tổng hợp)
4.0,Khánh Hòa,Trạm quan trắc Vùng núi Khánh Hòa 3,Huyện A,12.25,109.1833,283.0,Khí tượng thủy văn,vrain.vn (tổng hợp)
5.0,Khánh Hòa,Đài Bắc Khánh Hòa 6,Huyện A,12.25,109.1833,144.0,Khí tượng thủy văn,vrain.vn (tổng hợp)
6.0,Khánh Hòa,Đài Vùng núi Khánh Hòa 4,Huyện A,12.25,109.1833,230.0,Khí tượng thủy văn,vrain.vn (tổng hợp)
3.0,Tổng số trạm Khánh Hòa:,-71,Huyện A,16.4637,106.3308,257.0,Khí tượng thủy văn,vrain.vn (tổng hợp)
1.0,Kiên Giang,Trạm Tây Kiên Giang 2,Huyện A,10.0317,105.0809,433.0,Khí tượng thủy văn,vrain.vn (tổng hợp)
2.0,Kiên Giang,Trạm khí tượng Đông Kiên Giang 3,Huyện A,10.0317,105.0809,42.0,Khí tượng thủy văn,vrain.vn (tổng hợp)
3.0,Kiên Giang,Đài Ven biển Kiên Giang,Huyện A,10.0317,105.0809,170.0,Khí tượng thủy văn,vrain.vn (tổng hợp)
3.0,Tổng số trạm Kiên Giang:,-77,Huyện A,16.4637,106.3308,257.0,Khí tượng thủy văn,vrain.vn (tổng hợp)
1.0,Kon Tum,Trạm Tây Kon Tum 6,Quận 2,14.3833,107.9833,374.0,Khí tượng thủy văn,vrain.vn (tổng hợp)
2.0,Kon Tum,Trạm khí tượng Ven biển Kon Tum 5,Quận 3,14.3833,107.9833,45.0,Khí tượng thủy văn,vrain.vn (tổng hợp)
3.0,Kon Tum,Trạm quan trắc Bắc Kon Tum,Thành phố,14.3833,107.9833,320.0,Khí tượng thủy văn,vrain.vn (tổng hợp)
4.0,Kon Tum,Trạm quan trắc Trung tâm TP Kon Tum 2,Huyện A,14.3833,107.9833,270.0,Khí tượng thủy văn,vrain.vn (tổng hợp)
5.0,Kon Tum,Trạm quan trắc Ven biển Kon Tum 4,Huyện A,14.3833,107.9833,203.0,Khí tượng thủy văn,vrain.vn (tổng hợp)
6.0,Kon Tum,Trạm đo Bắc Kon Tum 3,Huyện A,14.3833,107.9833,7.0,Khí tượng thủy văn,vrain.vn (tổng hợp)
7.0,Kon Tum,Trạm đo Bắc Kon Tum 7,Quận 2,14.3833,107.9833,448.0,Khí tượng thủy văn,vrain.vn (tổng hợp)
3.0,Tổng số trạm Kon Tum:,-76,Huyện A,16.4637,106.3308,257.0,Khí tượng thủy văn,vrain.vn (tổng hợp)
1.0,Lai Châu,Trạm khí tượng Nam Lai Châu 3,Quận 3,22.4,103.45,153.0,Khí tượng thủy văn,vrain.vn (tổng hợp)
2.0,Lai Châu,Trạm khí tượng Trung tâm Lai Châu,Thành phố,22.4,103.45,339.0,Khí tượng thủy văn,vrain.vn (tổng hợp)
3.0,Lai Châu,Đài Trung tâm TP Lai Châu 2,Huyện A,22.4,103.45,318.0,Khí tượng thủy văn,vrain.vn (tổng hợp)
3.0,Tổng số trạm Lai Châu:,-83,Huyện A,16.4637,106.3308,257.0,Khí tượng thủy văn,vrain.vn (tổng hợp)
1.0,Long An,Trạm khí tượng Trung tâm TP Long An 2,Quận 3,10.5333,106.4167,258.0,Khí tượng thủy văn,vrain.vn (tổng hợp)
2.0,Long An,Trạm khí tượng Đông Long An,Thị xã,10.5333,106.4167,465.0,Khí tượng thủy văn,vrain.vn (tổng hợp)
3.0,Long An,Trạm quan trắc Nam Long An 5,Quận 3,10.5333,106.4167,298.0,Khí tượng thủy văn,vrain.vn (tổng hợp)
4.0,Long An,Trạm quan trắc Vùng núi Long An 3,Huyện A,10.5333,106.4167,174.0,Khí tượng thủy văn,vrain.vn (tổng hợp)
5.0,Long An,Trạm đo Trung tâm TP Long An 4,Thành phố,10.5333,106.4167,364.0,Khí tượng thủy văn,vrain.vn (thu thập)
3.0,Tổng số trạm Long An:,-84,Huyện A,16.4637,106.3308,257.0,Khí tượng thủy văn,vrain.vn (tổng hợp)
1.0,Lào Cai,Trạm khí tượng Vùng núi Lào Cai 5,Huyện B,22.4833,103.95,163.0,Khí tượng thủy văn,vrain.vn (tổng hợp)
2.0,Lào Cai,Trạm quan trắc Trung tâm TP Lào Cai 2,Quận 2,22.4833,103.95,33.0,Khí tượng thủy văn,vrain.vn (tổng hợp)
3.0,Lào Cai,Trạm quan trắc Trung tâm TP Lào Cai 3,Huyện A,22.4833,103.95,440.0,Khí tượng thủy văn,vrain.vn (tổng hợp)
4.0,Lào Cai,Trạm quan trắc Tây Lào Cai 4,Quận 2,22.4833,103.95,30.0,Khí tượng thủy văn,vrain.vn (tổng hợp)
5.0,Lào Cai,Đài Nam Lào Cai,Huyện A,22.4833,103.95,296.0,Khí tượng thủy văn,vrain.vn (tổng hợp)
3.0,Tổng số trạm Lào Cai:,-87,Huyện A,16.4637,106.3308,257.0,Khí tượng thủy văn,vrain.vn (tổng hợp)
1.0,Lâm Đồng,Trạm khí tượng Ven biển Lâm Đồng 2,Thành phố,11.9404,108.4587,319.0,Khí tượng thủy văn,vrain.vn (tổng hợp)
2.0,Lâm Đồng,Trạm đo Nam Lâm Đồng,Quận 1,11.9404,108.4587,426.0,Khí tượng thủy văn,vrain.vn (tổng hợp)
3.0,Lâm Đồng,Trạm đo Trung tâm Lâm Đồng 3,Quận 2,11.9404,108.4587,434.0,Khí tượng thủy văn,vrain.vn (tổng hợp)
4.0,Lâm Đồng,Đài Ven biển Lâm Đồng 4,Huyện A,11.9404,108.4587,292.0,Khí tượng thủy văn,vrain.vn (tổng hợp)
5.0,Lâm Đồng,Đài Vùng núi Lâm Đồng 5,Thành phố,11.9404,108.4587,84.0,Khí tượng thủy văn,vrain.vn (tổng hợp)
3.0,Tổng số trạm Lâm Đồng:,-90,Huyện A,16.4637,106.3308,257.0,Khí tượng thủy văn,vrain.vn (tổng hợp)
1.0,Lạng Sơn,Trạm Trung tâm Lạng Sơn,Quận 2,21.8478,106.7578,230.0,Khí tượng thủy văn,vrain.vn (tổng hợp)
2.0,Lạng Sơn,Trạm khí tượng Trung tâm Lạng Sơn 4,Huyện A,21.8478,106.7578,258.0,Khí tượng thủy văn,vrain.vn (tổng hợp)
3.0,Lạng Sơn,Trạm quan trắc Bắc Lạng Sơn 8,Huyện A,21.8478,106.7578,233.0,Khí tượng thủy văn,vrain.vn (tổng hợp)
4.0,Lạng Sơn,Trạm Đông Lạng Sơn 6,Huyện A,21.8478,106.7578,18.0,Khí tượng thủy văn,vrain.vn (tổng hợp)
5.0,Lạng Sơn,Trạm đo Tây Lạng Sơn 3,Quận 3,21.8478,106.7578,397.0,Khí tượng thủy văn,vrain.vn (tổng hợp)
6.0,Lạng Sơn,Trạm đo Đông Lạng Sơn 5,Huyện A,21.8478,106.7578,222.0,Khí tượng thủy văn,vrain.vn (tổng hợp)
7.0,Lạng Sơn,Đài Nam Lạng Sơn 2,Thành phố,21.8478,106.7578,88.0,Khí tượng thủy văn,vrain.vn (tổng hợp)
8.0,Lạng Sơn,Đài Ngoại thành Lạng Sơn 7,Quận 3,21.8478,106.7578,325.0,Khí tượng thủy văn,vrain.vn (tổng hợp)
3.0,Tổng số trạm Lạng Sơn:,-90,Huyện A,16.4637,106.3308,257.0,Khí tượng thủy văn,vrain.vn (tổng hợp)
1.0,Nam Định,Trạm Trung tâm Nam Định 6,Huyện A,20.42,106.1683,103.0,Khí tượng thủy văn,vrain.vn (tổng hợp)
2.0,Nam Định,Trạm Vùng núi Nam Định 5,Thành phố,20.42,106.1683,299.0,Khí tượng thủy văn,vrain.vn (tổng hợp)
3.0,Nam Định,Trạm quan trắc Bắc Nam Định,Quận 2,20.42,106.1683,109.0,Khí tượng thủy văn,vrain.vn (tổng hợp)
4.0,Nam Định,Trạm đo Bắc Nam Định 4,Huyện A,20.42,106.1683,23.0,Khí tượng thủy văn,vrain.vn (tổng hợp)
5.0,Nam Định,Trạm đo Trung tâm Nam Định 7,Quận 2,20.42,106.1683,109.0,Khí tượng thủy văn,vrain.vn (tổng hợp)
6.0,Nam Định,Trạm đo Trung tâm TP Nam Định 3,Huyện A,20.42,106.1683,76.0,Khí tượng thủy văn,vrain.vn (tổng hợp)
7.0,Nam Định,Đài Nam Nam Định 2,Thị xã,20.42,106.1683,82.0,Khí tượng thủy văn,vrain.vn (tổng hợp)
3.0,Tổng số trạm Nam Định:,-94,Huyện A,16.4637,106.3308,257.0,Khí tượng thủy văn,vrain.vn (tổng hợp)
1.0,Nghệ An,Trạm Bắc Nghệ An 2,Quận 2,18.6733,105.6811,257.0,Khí tượng thủy văn,vrain.vn (tổng hợp)
2.0,Nghệ An,Trạm quan trắc Bắc Nghệ An 4,Thành phố,18.6733,105.6811,206.0,Khí tượng thủy văn,vrain.vn (tổng hợp)
3.0,Nghệ An,Trạm quan trắc Trung tâm TP Nghệ An 3,Huyện A,18.6733,105.6811,446.0,Khí tượng thủy văn,vrain.vn (tổng hợp)
4.0,Nghệ An,Trạm quan trắc Tây Nghệ An,Quận 3,18.6733,105.6811,274.0,Khí tượng thủy văn,vrain.vn (tổng hợp)
5.0,Nghệ An,Trạm đo Đông Nghệ An 5,Thị xã,18.6733,105.6811,116.0,Khí tượng thủy văn,vrain.vn (tổng hợp)
3.0,Tổng số trạm Nghệ An:,-99,Huyện A,16.4637,106.3308,257.0,Khí tượng thủy văn,vrain.vn (tổng hợp)
1.0,Ninh Bình,Trạm Tây Ninh Bình,Huyện A,20.2539,105.975,335.0,Khí tượng thủy văn,vrain.vn (tổng hợp)
2.0,Ninh Bình,Trạm quan trắc Tây Ninh Bình 2,Quận 1,20.2539,105.975,314.0,Khí tượng thủy văn,vrain.vn (tổng hợp)
3.0,Ninh Bình,Trạm đo Vùng núi Ninh Bình 3,Huyện B,20.2539,105.975,169.0,Khí tượng thủy văn,vrain.vn (tổng hợp)
3.0,Tổng số trạm Ninh Bình:,-104,Huyện A,16.4637,106.3308,257.0,Khí tượng thủy văn,vrain.vn (tổng hợp)
1.0,Ninh Thuận,Trạm Bắc Ninh Thuận 7,Quận 2,11.5667,108.9833,411.0,Khí tượng thủy văn,vrain.vn (tổng hợp)
2.0,Ninh Thuận,Trạm quan trắc Ngoại thành Ninh Thuận 4,Huyện B,11.5667,108.9833,416.0,Khí tượng thủy văn,vrain.vn (tổng hợp)
3.0,Ninh Thuận,Trạm quan trắc Ven biển Ninh Thuận 3,Huyện A,11.5667,108.9833,17.0,Khí tượng thủy văn,vrain.vn (tổng hợp)
4.0,Ninh Thuận,Trạm quan trắc Vùng núi Ninh Thuận 8,Huyện A,11.5667,108.9833,254.0,Khí tượng thủy văn,vrain.vn (tổng hợp)
5.0,Ninh Thuận,Trạm đo Ngoại thành Ninh Thuận,Quận 2,11.5667,108.9833,154.0,Khí tượng thủy văn,vrain.vn (tổng hợp)
6.0,Ninh Thuận,Trạm đo Tây Ninh Thuận 5,Huyện A,11.5667,108.9833,288.0,Khí tượng thủy văn,vrain.vn (thu thập)
7.0,Ninh Thuận,Đài Trung tâm TP Ninh Thuận 2,Quận 3,11.5667,108.9833,98.0,Khí tượng thủy văn,vrain.vn (tổng hợp)
8.0,Ninh Thuận,Đài Trung tâm TP Ninh Thuận 6,Thành phố,11.5667,108.9833,140.0,Khí tượng thủy văn,vrain.vn (tổng hợp)
3.0,Tổng số trạm Ninh Thuận:,-102,Huyện A,16.4637,106.3308,257.0,Khí tượng thủy văn,vrain.vn (tổng hợp)
1.0,Phú Thọ,Trạm Tây Phú Thọ 4,Huyện A,21.3,105.4333,94.0,Khí tượng thủy văn,vrain.vn (tổng hợp)
2.0,Phú Thọ,Trạm khí tượng Đông Phú Thọ 2,Quận 2,21.3,105.4333,146.0,Khí tượng thủy văn,vrain.vn (tổng hợp)
3.0,Phú Thọ,Trạm quan trắc Tây Phú Thọ 3,Huyện A,21.3,105.4333,442.0,Khí tượng thủy văn,vrain.vn (tổng hợp)
4.0,Phú Thọ,Đài Nam Phú Thọ,Huyện A,21.3,105.4333,75.0,Khí tượng thủy văn,vrain.vn (tổng hợp)
3.0,Tổng số trạm Phú Thọ:,-109,Huyện A,16.4637,106.3308,257.0,Khí tượng thủy văn,vrain.vn (tổng hợp)
1.0,Phú Yên,Trạm Ngoại thành Phú Yên 7,Huyện A,13.0833,109.3,361.0,Khí tượng thủy văn,vrain.vn (tổng hợp)
2.0,Phú Yên,Trạm khí tượng Vùng núi Phú Yên 3,Huyện A,13.0833,109.3,298.0,Khí tượng thủy văn,vrain.vn (tổng hợp)
3.0,Phú Yên,Trạm quan trắc Trung tâm TP Phú Yên 2,Quận 1,13.0833,109.3,474.0,Khí tượng thủy văn,vrain.vn (tổng hợp)
4.0,Phú Yên,Trạm đo Vùng núi Phú Yên 5,Quận 3,13.0833,109.3,281.0,Khí tượng thủy văn,vrain.vn (tổng hợp)
5.0,Phú Yên,Trạm đo Đông Phú Yên,Quận 1,13.0833,109.3,174.0,Khí tượng thủy văn,vrain.vn (tổng hợp)
6.0,Phú Yên,Đài Bắc Phú Yên 4,Huyện A,13.0833,109.3,5.0,Khí tượng thủy văn,vrain.vn (tổng hợp)
7.0,Phú Yên,Đài Trung tâm Phú Yên 6,Huyện A,13.0833,109.3,228.0,Khí tượng thủy văn,vrain.vn (tổng hợp)
3.0,Tổng số trạm Phú Yên:,-109,Huyện A,16.4637,106.3308,257.0,Khí tượng thủy văn,vrain.vn (tổng hợp)
1.0,Quảng Bình,Trạm Ngoại thành Quảng Bình,Huyện A,17.4687,106.6227,87.0,Khí tượng thủy văn,vrain.vn (tổng hợp)
2.0,Quảng Bình,Trạm khí tượng Trung tâm TP Quảng Bình 5,Huyện B,17.4687,106.6227,303.0,Khí tượng thủy văn,vrain.vn (tổng hợp)
3.0,Quảng Bình,Trạm khí tượng Ven biển Quảng Bình 4,Thị xã,17.4687,106.6227,412.0,Khí tượng thủy văn,vrain.vn (tổng hợp)
4.0,Quảng Bình,Trạm đo Bắc Quảng Bình 2,Huyện A,17.4687,106.6227,234.0,Khí tượng thủy văn,vrain.vn (tổng hợp)
5.0,Quảng Bình,Trạm đo Ven biển Quảng Bình 3,Thị xã,17.4687,106.6227,260.0,Khí tượng thủy văn,vrain.vn (tổng hợp)
3.0,Tổng số trạm Quảng Bình:,-114,Huyện A,16.4637,106.3308,257.0,Khí tượng thủy văn,vrain.vn (tổng hợp)
1.0,Quảng Nam,Trạm Tây Quảng Nam,Huyện A,15.5667,108.4833,296.0,Khí tượng thủy văn,vrain.vn (tổng hợp)
2.0,Quảng Nam,Đài Nam Quảng Nam 2,Thị xã,15.5667,108.4833,214.0,Khí tượng thủy văn,vrain.vn (tổng hợp)
3.0,Quảng Nam,Đài Nam Quảng Nam 3,Huyện A,15.5667,108.4833,431.0,Khí tượng thủy văn,vrain.vn (tổng hợp)
3.0,Tổng số trạm Quảng Nam:,-119,Huyện A,16.4637,106.3308,257.0,Khí tượng thủy văn,vrain.vn (tổng hợp)
1.0,Quảng Ngãi,Trạm khí tượng Nam Quảng Ngãi,Huyện A,15.1167,108.8,3.0,Khí tượng thủy văn,vrain.vn (tổng hợp)
2.0,Quảng Ngãi,Trạm quan trắc Vùng núi Quảng Ngãi 4,Quận 1,15.1167,108.8,146.0,Khí tượng thủy văn,vrain.vn (tổng hợp)
3.0,Quảng Ngãi,Trạm quan trắc Đông Quảng Ngãi 2,Huyện A,15.1167,108.8,498.0,Khí tượng thủy văn,vrain.vn (tổng hợp)
4.0,Quảng Ngãi,Đài Tây Quảng Ngãi 3,Huyện A,15.1167,108.8,196.0,Khí tượng thủy văn,vrain.vn (tổng hợp)
3.0,Tổng số trạm Quảng Ngãi:,-121,Huyện A,16.4637,106.3308,257.0,Khí tượng thủy văn,vrain.vn (tổng hợp)
1.0,Quảng Ninh,Trạm Trung tâm TP Quảng Ninh 2,Quận 1,21.0064,107.2925,255.0,Khí tượng thủy văn,vrain.vn (tổng hợp)
2.0,Quảng Ninh,Trạm quan trắc Trung tâm TP Quảng Ninh 4,Thị xã,21.0064,107.2925,10.0,Khí tượng thủy văn,vrain.vn (tổng hợp)
3.0,Quảng Ninh,Trạm đo Ngoại thành Quảng Ninh 5,Quận 2,21.0064,107.2925,362.0,Khí tượng thủy văn,vrain.vn (tổng hợp)
4.0,Quảng Ninh,Đài Tây Quảng Ninh,Huyện A,21.0064,107.2925,338.0,Khí tượng thủy văn,vrain.vn (tổng hợp)
5.0,Quảng Ninh,Đài Ven biển Quảng Ninh 3,Thành phố,21.0064,107.2925,301.0,Khí tượng thủy văn,vrain.vn (tổng hợp)
6.0,Quảng Ninh,Đài Ven biển Quảng Ninh 6,Huyện A,21.0064,107.2925,71.0,Khí tượng thủy văn,vrain.vn (tổng hợp)
3.0,Tổng số trạm Quảng Ninh:,-122,Huyện A,16.4637,106.3308,257.0,Khí tượng thủy văn,vrain.vn (tổng hợp)
1.0,Quảng Trị,Trạm khí tượng Trung tâm TP Quảng Trị 4,Quận 2,16.816,107.1,124.0,Khí tượng thủy văn,vrain.vn (tổng hợp)
2.0,Quảng Trị,Trạm Đông Quảng Trị 2,Huyện A,16.816,107.1,379.0,Khí tượng thủy văn,vrain.vn (tổng hợp)
3.0,Quảng Trị,Trạm đo Bắc Quảng Trị 3,Thành phố,16.816,107.1,353.0,Khí tượng thủy văn,vrain.vn (tổng hợp)
4.0,Quảng Trị,Trạm đo Đông Quảng Trị,Quận 3,16.816,107.1,258.0,Khí tượng thủy văn,vrain.vn (tổng hợp)
3.0,Tổng số trạm Quảng Trị:,-127,Huyện A,16.4637,106.3308,257.0,Khí tượng thủy văn,vrain.vn (tổng hợp)
1.0,Sóc Trăng,Trạm quan trắc Bắc Sóc Trăng 2,Huyện A,9.6025,105.9739,265.0,Khí tượng thủy văn,vrain.vn (tổng hợp)
2.0,Sóc Trăng,Trạm Đông Sóc Trăng,Huyện A,9.6025,105.9739,207.0,Khí tượng thủy văn,vrain.vn (tổng hợp)
3.0,Sóc Trăng,Đài Nam Sóc Trăng 3,Thành phố,9.6025,105.9739,283.0,Khí tượng thủy văn,vrain.vn (tổng hợp)
3.0,Tổng số trạm Sóc Trăng:,-131,Huyện A,16.4637,106.3308,257.0,Khí tượng thủy văn,vrain.vn (tổng hợp)
1.0,Sơn La,Trạm Tây Sơn La 4,Quận 2,21.3256,103.9189,307.0,Khí tượng thủy văn,vrain.vn (tổng hợp)
2.0,Sơn La,Trạm khí tượng Ngoại thành Sơn La 3,Thị xã,21.3256,103.9189,418.0,Khí tượng thủy văn,vrain.vn (tổng hợp)
3.0,Sơn La,Trạm khí tượng Trung tâm TP Sơn La,Quận 3,21.3256,103.9189,386.0,Khí tượng thủy văn,vrain.vn (tổng hợp)
4.0,Sơn La,Trạm đo Nam Sơn La 2,Huyện A,21.3256,103.9189,352.0,Khí tượng thủy văn,vrain.vn (tổng hợp)
5.0,Sơn La,Đài Đông Sơn La 5,Huyện A,21.3256,103.9189,129.0,Khí tượng thủy văn,vrain.vn (tổng hợp)
3.0,Tổng số trạm Sơn La:,-132,Huyện A,16.4637,106.3308,257.0,Khí tượng thủy văn,vrain.vn (tổng hợp)
1.0,TP Hồ Chí Minh,Trạm Trung tâm TP Hồ Chí Minh 3,Quận 3,10.7757,106.7004,10.0,Khí tượng thủy văn,vrain.vn (tổng hợp)
2.0,TP Hồ Chí Minh,Trạm khí tượng Nam TP Hồ Chí Minh 6,Quận 3,10.7757,106.7004,359.0,Khí tượng thủy văn,vrain.vn (tổng hợp)
3.0,TP Hồ Chí Minh,Trạm khí tượng Nam TP Hồ Chí Minh 7,Huyện A,10.7757,106.7004,401.0,Khí tượng thủy văn,vrain.vn (tổng hợp)
4.0,TP Hồ Chí Minh,Trạm khí tượng Ngoại thành TP Hồ Chí Minh 5,Huyện A,10.7757,106.7004,117.0,Khí tượng thủy văn,vrain.vn (tổng hợp)
5.0,TP Hồ Chí Minh,Trạm khí tượng Trung tâm TP Hồ Chí Minh 2,Huyện A,10.7757,106.7004,397.0,Khí tượng thủy văn,vrain.vn (tổng hợp)
6.0,TP Hồ Chí Minh,Trạm quan trắc Trung tâm TP Hồ Chí Minh 4,Huyện A,10.7757,106.7004,112.0,Khí tượng thủy văn,vrain.vn (tổng hợp)
7.0,TP Hồ Chí Minh,Đài Vùng núi TP Hồ Chí Minh,Huyện A,10.7757,106.7004,105.0,Khí tượng thủy văn,vrain.vn (tổng hợp)
3.0,Tổng số trạm TP Hồ Chí Minh:,-133,Huyện A,16.4637,106.3308,257.0,Khí tượng thủy văn,vrain.vn (tổng hợp)
1.0,Thanh Hóa,Trạm Vùng núi Thanh Hóa 3,Huyện A,19.8,105.7667,431.0,Khí tượng thủy văn,vrain.vn (tổng hợp)
2.0,Thanh Hóa,Trạm khí tượng Vùng núi Thanh Hóa,Quận 1,19.8,105.7667,338.0,Khí tượng thủy văn,vrain.vn (tổng hợp)
3.0,Thanh Hóa,Trạm quan trắc Trung tâm TP Thanh Hóa 2,Quận 3,19.8,105.7667,234.0,Khí tượng thủy văn,vrain.vn (tổng hợp)
4.0,Thanh Hóa,Trạm quan trắc Ven biển Thanh Hóa 6,Quận 1,19.8,105.7667,497.0,Khí tượng thủy văn,vrain.vn (tổng hợp)
5.0,Thanh Hóa,Đài Trung tâm TP Thanh Hóa 5,Thị xã,19.8,105.7667,358.0,Khí tượng thủy văn,vrain.vn (tổng hợp)
6.0,Thanh Hóa,Đài Tây Thanh Hóa 4,Quận 3,19.8,105.7667,8.0,Khí tượng thủy văn,vrain.vn (tổng hợp)
3.0,Tổng số trạm Thanh Hóa:,-137,Huyện A,16.4637,106.3308,257.0,Khí tượng thủy văn,vrain.vn (tổng hợp)
1.0,Thái Bình,Trạm khí tượng Bắc Thái Bình,Thị xã,20.4461,106.3366,28.0,Khí tượng thủy văn,vrain.vn (tổng hợp)
2.0,Thái Bình,Trạm khí tượng Nam Thái Bình 2,Huyện A,20.4461,106.3366,461.0,Khí tượng thủy văn,vrain.vn (tổng hợp)
3.0,Thái Bình,Trạm Đông Thái Bình 4,Thành phố,20.4461,106.3366,55.0,Khí tượng thủy văn,vrain.vn (tổng hợp)
4.0,Thái Bình,Đài Trung tâm Thái Bình 3,Thị xã,20.4461,106.3366,400.0,Khí tượng thủy văn,vrain.vn (tổng hợp)
3.0,Tổng số trạm Thái Bình:,-142,Huyện A,16.4637,106.3308,257.0,Khí tượng thủy văn,vrain.vn (tổng hợp)
1.0,Thái Nguyên,Trạm Trung tâm TP Thái Nguyên 8,Quận 2,21.5928,105.8442,174.0,Khí tượng thủy văn,vrain.vn (tổng hợp)
2.0,Thái Nguyên,Trạm khí tượng Tây Thái Nguyên,Huyện A,21.5928,105.8442,106.0,Khí tượng thủy văn,vrain.vn (tổng hợp)
3.0,Thái Nguyên,Trạm khí tượng Ven biển Thái Nguyên 2,Quận 1,21.5928,105.8442,132.0,Khí tượng thủy văn,vrain.vn (tổng hợp)
4.0,Thái Nguyên,Trạm khí tượng Ven biển Thái Nguyên 7,Huyện A,21.5928,105.8442,197.0,Khí tượng thủy văn,vrain.vn (tổng hợp)
5.0,Thái Nguyên,Trạm khí tượng Đông Thái Nguyên 5,Thành phố,21.5928,105.8442,253.0,Khí tượng thủy văn,vrain.vn (tổng hợp)
6.0,Thái Nguyên,Trạm quan trắc Đông Thái Nguyên 4,Thành phố,21.5928,105.8442,331.0,Khí tượng thủy văn,vrain.vn (tổng hợp)
7.0,Thái Nguyên,Trạm đo Ven biển Thái Nguyên 6,Quận 3,21.5928,105.8442,37.0,Khí tượng thủy văn,vrain.vn (tổng hợp)
8.0,Thái Nguyên,Trạm đo Đông Thái Nguyên 3,Quận 3,21.5928,105.8442,440.0,Khí tượng thủy văn,vrain.vn (tổng hợp)
3.0,Tổng số trạm Thái Nguyên:,-141,Huyện A,16.4637,106.3308,257.0,Khí tượng thủy văn,vrain.vn (tổng hợp)
1.0,Thừa Thiên Huế,Trạm Bắc Thừa Thiên Huế 2,Quận 1,16.4637,107.5909,257.0,Khí tượng thủy văn,vrain.vn (tổng hợp)
2.0,Thừa Thiên Huế,Trạm khí tượng Bắc Thừa Thiên Huế 7,Thị xã,16.4637,107.5909,94.0,Khí tượng thủy văn,vrain.vn (tổng hợp)
3.0,Thừa Thiên Huế,Trạm quan trắc Bắc Thừa Thiên Huế 6,Quận 2,16.4637,107.5909,267.0,Khí tượng thủy văn,vrain.vn (tổng hợp)
4.0,Thừa Thiên Huế,Trạm đo Trung tâm Thừa Thiên Huế,Quận 2,16.4637,107.5909,282.0,Khí tượng thủy văn,vrain.vn (tổng hợp)
5.0,Thừa Thiên Huế,Trạm đo Trung tâm Thừa Thiên Huế 5,Huyện A,16.4637,107.5909,147.0,Khí tượng thủy văn,vrain.vn (tổng hợp)
6.0,Thừa Thiên Huế,Trạm đo Tây Thừa Thiên Huế 8,Huyện A,16.4637,107.5909,353.0,Khí tượng thủy văn,vrain.vn (tổng hợp)
7.0,Thừa Thiên Huế,Trạm đo Ven biển Thừa Thiên Huế 4,Quận 1,16.4637,107.5909,497.0,Khí tượng thủy văn,vrain.vn (tổng hợp)
8.0,Thừa Thiên Huế,Đài Ven biển Thừa Thiên Huế 3,Quận 3,16.4637,107.5909,479.0,Khí tượng thủy văn,vrain.vn (tổng hợp)
3.0,Tổng số trạm Thừa Thiên Huế:,-144,Huyện A,16.4637,106.3308,257.0,Khí tượng thủy văn,vrain.vn (tổng hợp)
1.0,Tiền Giang,Trạm Ven biển Tiền Giang 3,Quận 1,10.35,106.35,474.0,Khí tượng thủy văn,vrain.vn (tổng hợp)
2.0,Tiền Giang,Trạm khí tượng Bắc Tiền Giang 6,Thị xã,10.35,106.35,161.0,Khí tượng thủy văn,vrain.vn (tổng hợp)
3.0,Tiền Giang,Trạm khí tượng Ven biển Tiền Giang 5,Quận 1,10.35,106.35,455.0,Khí tượng thủy văn,vrain.vn (tổng hợp)
4.0,Tiền Giang,Trạm quan trắc Trung tâm Tiền Giang,Thành phố,10.35,106.35,198.0,Khí tượng thủy văn,vrain.vn (tổng hợp)
5.0,Tiền Giang,Trạm quan trắc Trung tâm Tiền Giang 7,Huyện A,10.35,106.35,208.0,Khí tượng thủy văn,vrain.vn (tổng hợp)
6.0,Tiền Giang,Đài Nam Tiền Giang 2,Huyện A,10.35,106.35,374.0,Khí tượng thủy văn,vrain.vn (tổng hợp)
7.0,Tiền Giang,Đài Trung tâm Tiền Giang 8,Thành phố,10.35,106.35,196.0,Khí tượng thủy văn,vrain.vn (tổng hợp)
8.0,Tiền Giang,Đài Đông Tiền Giang 4,Quận 1,10.35,106.35,71.0,Khí tượng thủy văn,vrain.vn (tổng hợp)
3.0,Tổng số trạm Tiền Giang:,-147,Huyện A,16.4637,106.3308,257.0,Khí tượng thủy văn,vrain.vn (tổng hợp)
1.0,Trà Vinh,Trạm Tây Trà Vinh 2,Huyện A,9.9347,106.3453,385.0,Khí tượng thủy văn,vrain.vn (tổng hợp)
2.0,Trà Vinh,Trạm khí tượng Bắc Trà Vinh 3,Huyện A,9.9347,106.3453,132.0,Khí tượng thủy văn,vrain.vn (tổng hợp)
3.0,Trà Vinh,Trạm khí tượng Ven biển Trà Vinh,Huyện B,9.9347,106.3453,452.0,Khí tượng thủy văn,vrain.vn (tổng hợp)
3.0,Tổng số trạm Trà Vinh:,-155,Huyện A,16.4637,106.3308,257.0,Khí tượng thủy văn,vrain.vn (tổng hợp)
1.0,Tuyên Quang,Trạm khí tượng Nam Tuyên Quang 3,Huyện A,21.8181,105.2144,228.0,Khí tượng thủy văn,vrain.vn (tổng hợp)
2.0,Tuyên Quang,Trạm khí tượng Vùng núi Tuyên Quang 4,Huyện A,21.8181,105.2144,374.0,Khí tượng thủy văn,vrain.vn (tổng hợp)
3.0,Tuyên Quang,Trạm đo Trung tâm TP Tuyên Quang 2,Thành phố,21.8181,105.2144,62.0,Khí tượng thủy văn,vrain.vn (tổng hợp)
4.0,Tuyên Quang,Trạm đo Vùng núi Tuyên Quang,Quận 1,21.8181,105.2144,389.0,Khí tượng thủy văn,vrain.vn (tổng hợp)
3.0,Tổng số trạm Tuyên Quang:,-157,Huyện A,16.4637,106.3308,257.0,Khí tượng thủy văn,vrain.vn (tổng hợp)
1.0,Tây Ninh,Trạm quan trắc Nam Tây Ninh,Quận 3,11.3131,106.0963,330.0,Khí tượng thủy văn,vrain.vn (tổng hợp)
2.0,Tây Ninh,Đài Trung tâm TP Tây Ninh 2,Huyện A,11.3131,106.0963,448.0,Khí tượng thủy văn,vrain.vn (thu thập)
3.0,Tây Ninh,Đài Trung tâm TP Tây Ninh 3,Huyện A,11.3131,106.0963,407.0,Khí tượng thủy văn,vrain.vn (tổng hợp)
3.0,Tổng số trạm Tây Ninh:,-161,Huyện A,16.4637,106.3308,257.0,Khí tượng thủy văn,vrain.vn (tổng hợp)
1.0,Vĩnh Long,Trạm Trung tâm TP Vĩnh Long,Huyện A,10.25,105.9667,444.0,Khí tượng thủy văn,vrain.vn (tổng hợp)
2.0,Vĩnh Long,Trạm Trung tâm Vĩnh Long 4,Huyện B,10.25,105.9667,450.0,Khí tượng thủy văn,vrain.vn (tổng hợp)
3.0,Vĩnh Long,Trạm khí tượng Trung tâm TP Vĩnh Long 7,Huyện A,10.25,105.9667,89.0,Khí tượng thủy văn,vrain.vn (tổng hợp)
4.0,Vĩnh Long,Trạm khí tượng Trung tâm Vĩnh Long 2,Huyện A,10.25,105.9667,124.0,Khí tượng thủy văn,vrain.vn (tổng hợp)
5.0,Vĩnh Long,Trạm quan trắc Trung tâm Vĩnh Long 5,Huyện A,10.25,105.9667,57.0,Khí tượng thủy văn,vrain.vn (tổng hợp)
6.0,Vĩnh Long,Đài Trung tâm TP Vĩnh Long 3,Huyện A,10.25,105.9667,361.0,Khí tượng thủy văn,vrain.vn (tổng hợp)
7.0,Vĩnh Long,Đài Đông Vĩnh Long 6,Thị xã,10.25,105.9667,396.0,Khí tượng thủy văn,vrain.vn (tổng hợp)
3.0,Tổng số trạm Vĩnh Long:,-160,Huyện A,16.4637,106.3308,257.0,Khí tượng thủy văn,vrain.vn (tổng hợp)
1.0,Vĩnh Phúc,Trạm Ven biển Vĩnh Phúc 3,Quận 1,21.3089,105.6044,416.0,Khí tượng thủy văn,vrain.vn (tổng hợp)
2.0,Vĩnh Phúc,Trạm Vùng núi Vĩnh Phúc 6,Thành phố,21.3089,105.6044,76.0,Khí tượng thủy văn,vrain.vn (tổng hợp)
3.0,Vĩnh Phúc,Trạm quan trắc Trung tâm Vĩnh Phúc 4,Huyện A,21.3089,105.6044,311.0,Khí tượng thủy văn,vrain.vn (tổng hợp)
4.0,Vĩnh Phúc,Trạm quan trắc Ven biển Vĩnh Phúc,Huyện A,21.3089,105.6044,180.0,Khí tượng thủy văn,vrain.vn (tổng hợp)
5.0,Vĩnh Phúc,Trạm Đông Vĩnh Phúc 2,Huyện B,21.3089,105.6044,247.0,Khí tượng thủy văn,vrain.vn (tổng hợp)
6.0,Vĩnh Phúc,Trạm đo Trung tâm Vĩnh Phúc 5,Huyện A,21.3089,105.6044,455.0,Khí tượng thủy văn,vrain.vn (tổng hợp)
3.0,Tổng số trạm Vĩnh Phúc:,-164,Huyện A,16.4637,106.3308,257.0,Khí tượng thủy văn,vrain.vn (tổng hợp)
1.0,Yên Bái,Trạm Trung tâm Yên Bái,Huyện A,21.7,104.8667,16.0,Khí tượng thủy văn,vrain.vn (tổng hợp)
2.0,Yên Bái,Trạm Ven biển Yên Bái 5,Quận 2,21.7,104.8667,328.0,Khí tượng thủy văn,vrain.vn (tổng hợp)
3.0,Yên Bái,Trạm quan trắc Ngoại thành Yên Bái 2,Huyện A,21.7,104.8667,118.0,Khí tượng thủy văn,vrain.vn (tổng hợp)
4.0,Yên Bái,Trạm quan trắc Đông Yên Bái 4,Huyện A,21.7,104.8667,361.0,Khí tượng thủy văn,vrain.vn (tổng hợp)
5.0,Yên Bái,Đài Nam Yên Bái 3,Huyện A,21.7,104.8667,482.0,Khí tượng thủy văn,vrain.vn (tổng hợp)
3.0,Tổng số trạm Yên Bái:,-168,Huyện A,16.4637,106.3308,257.0,Khí tượng thủy văn,vrain.vn (tổng hợp)
1.0,Điện Biên,Trạm Nam Điện Biên 5,Huyện A,21.3833,103.0167,240.0,Khí tượng thủy văn,vrain.vn (tổng hợp)
2.0,Điện Biên,Trạm khí tượng Ngoại thành Điện Biên 4,Huyện A,21.3833,103.0167,5.0,Khí tượng thủy văn,vrain.vn (tổng hợp)
3.0,Điện Biên,Trạm khí tượng Trung tâm TP Điện Biên 7,Quận 2,21.3833,103.0167,70.0,Khí tượng thủy văn,vrain.vn (tổng hợp)
4.0,Điện Biên,Trạm quan trắc Ngoại thành Điện Biên 6,Quận 2,21.3833,103.0167,367.0,Khí tượng thủy văn,vrain.vn (tổng hợp)
5.0,Điện Biên,Trạm quan trắc Trung tâm Điện Biên 3,Huyện A,21.3833,103.0167,297.0,Khí tượng thủy văn,vrain.vn (tổng hợp)
6.0,Điện Biên,Trạm quan trắc Vùng núi Điện Biên,Huyện A,21.3833,103.0167,65.0,Khí tượng thủy văn,vrain.vn (tổng hợp)
7.0,Điện Biên,Trạm đo Vùng núi Điện Biên 2,Quận 1,21.3833,103.0167,172.0,Khí tượng thủy văn,vrain.vn (tổng hợp)
3.0,Tổng số trạm Điện Biên:,-169,Huyện A,16.4637,106.3308,257.0,Khí tượng thủy văn,vrain.vn (tổng hợp)
1.0,Đà Nẵng,Trạm Trung tâm Đà Nẵng 6,Quận 3,16.0592,108.2208,294.0,Khí tượng thủy văn,vrain.vn (tổng hợp)
2.0,Đà Nẵng,Trạm khí tượng Đông Đà Nẵng 2,Huyện B,16.0592,108.2208,162.0,Khí tượng thủy văn,vrain.vn (tổng hợp)
3.0,Đà Nẵng,Trạm quan trắc Bắc Đà Nẵng 3,Huyện A,16.0592,108.2208,328.0,Khí tượng thủy văn,vrain.vn (tổng hợp)
4.0,Đà Nẵng,Trạm đo Nam Đà Nẵng,Huyện B,16.0592,108.2208,230.0,Khí tượng thủy văn,vrain.vn (tổng hợp)
5.0,Đà Nẵng,Trạm đo Tây Đà Nẵng 4,Huyện A,16.0592,108.2208,452.0,Khí tượng thủy văn,vrain.vn (tổng hợp)
6.0,Đà Nẵng,Trạm đo Tây Đà Nẵng 5,Quận 1,16.0592,108.2208,85.0,Khí tượng thủy văn,vrain.vn (tổng hợp)
3.0,Tổng số trạm Đà Nẵng:,-173,Huyện A,16.4637,106.3308,257.0,Khí tượng thủy văn,vrain.vn (tổng hợp)
1.0,Đắk Lắk,Trạm Bắc Đắk Lắk 2,Huyện A,12.6662,108.0382,210.0,Khí tượng thủy văn,vrain.vn (tổng hợp)
2.0,Đắk Lắk,Trạm khí tượng Đông Đắk Lắk 6,Huyện B,12.6662,108.0382,51.0,Khí tượng thủy văn,vrain.vn (tổng hợp)
3.0,Đắk Lắk,Trạm đo Bắc Đắk Lắk 3,Thành phố,12.6662,108.0382,88.0,Khí tượng thủy văn,vrain.vn (tổng hợp)
4.0,Đắk Lắk,Trạm đo Nam Đắk Lắk 4,Huyện A,12.6662,108.0382,408.0,Khí tượng thủy văn,vrain.vn (tổng hợp)
5.0,Đắk Lắk,Trạm đo Tây Đắk Lắk 5,Huyện A,12.6662,108.0382,401.0,Khí tượng thủy văn,vrain.vn (tổng hợp)
6.0,Đắk Lắk,Đài Ngoại thành Đắk Lắk,Quận 1,12.6662,108.0382,401.0,Khí tượng thủy văn,vrain.vn (tổng hợp)
7.0,Đắk Lắk,Đài Trung tâm Đắk Lắk 7,Thị xã,12.6662,108.0382,468.0,Khí tượng thủy văn,vrain.vn (tổng hợp)
3.0,Tổng số trạm Đắk Lắk:,-175,Huyện A,16.4637,106.3308,257.0,Khí tượng thủy văn,vrain.vn (tổng hợp)
1.0,Đắk Nông,Đài Trung tâm TP Đắk Nông 3,Huyện A,12.0042,107.6907,201.0,Khí tượng thủy văn,vrain.vn (tổng hợp)
2.0,Đắk Nông,Đài Trung tâm Đắk Nông,Huyện A,12.0042,107.6907,282.0,Khí tượng thủy văn,vrain.vn (tổng hợp)
3.0,Đắk Nông,Đài Đông Đắk Nông 2,Quận 1,12.0042,107.6907,497.0,Khí tượng thủy văn,vrain.vn (tổng hợp)
3.0,Tổng số trạm Đắk Nông:,-182,Huyện A,16.4637,106.3308,257.0,Khí tượng thủy văn,vrain.vn (tổng hợp)
1.0,Đồng Nai,Trạm Bắc Đồng Nai 3,Thành phố,10.9574,106.8429,404.0,Khí tượng thủy văn,vrain.vn (tổng hợp)
2.0,Đồng Nai,Trạm quan trắc Tây Đồng Nai 6,Huyện B,10.9574,106.8429,111.0,Khí tượng thủy văn,vrain.vn (tổng hợp)
3.0,Đồng Nai,Trạm quan trắc Đông Đồng Nai 5,Quận 3,10.9574,106.8429,110.0,Khí tượng thủy văn,vrain.vn (tổng hợp)
4.0,Đồng Nai,Trạm đo Nam Đồng Nai,Thành phố,10.9574,106.8429,358.0,Khí tượng thủy văn,vrain.vn (tổng hợp)
5.0,Đồng Nai,Trạm đo Ngoại thành Đồng Nai 2,Huyện A,10.9574,106.8429,63.0,Khí tượng thủy văn,vrain.vn (tổng hợp)
6.0,Đồng Nai,Đài Trung tâm Đồng Nai 4,Huyện A,10.9574,106.8429,46.0,Khí tượng thủy văn,vrain.vn (thu thập)
3.0,Tổng số trạm Đồng Nai:,-182,Huyện A,16.4637,106.3308,257.0,Khí tượng thủy văn,vrain.vn (tổng hợp)
1.0,Đồng Tháp,Trạm khí tượng Ven biển Đồng Tháp,Thị xã,10.45,105.6333,479.0,Khí tượng thủy văn,vrain.vn (tổng hợp)
2.0,Đồng Tháp,Trạm quan trắc Đông Đồng Tháp 3,Huyện A,10.45,105.6333,316.0,Khí tượng thủy văn,vrain.vn (tổng hợp)
3.0,Đồng Tháp,Trạm đo Ven biển Đồng Tháp 4,Thành phố,10.45,105.6333,454.0,Khí tượng thủy văn,vrain.vn (tổng hợp)
4.0,Đồng Tháp,Đài Ven biển Đồng Tháp 2,Huyện A,10.45,105.6333,20.0,Khí tượng thủy văn,vrain.vn (tổng hợp)
